{
  "episodes": 1000,
  "success_rate": 0.963,
  "mean_reward": 1.8996359999999999,
  "std_reward": 0.23200339976819304,
  "mean_length": 9.908,
  "invalid_rate": 0.0,
  "mean_coverage": 0.9907999999999999,
  "unique_solutions_found": 4
}