{
  "episodes": 1000,
  "success_rate": 0.997,
  "mean_reward": 1.9412730000000002,
  "std_reward": 0.06798476646278927,
  "mean_length": 9.992,
  "invalid_rate": 0.0,
  "mean_coverage": 0.9992000000000001,
  "unique_solutions_found": 2
}