{
  "episodes": 1000,
  "success_rate": 0.985,
  "mean_reward": 1.9280120000000003,
  "std_reward": 0.13783556092677965,
  "mean_length": 9.978,
  "invalid_rate": 0.0,
  "mean_coverage": 0.9977999999999999,
  "unique_solutions_found": 3
}