{
  "episodes": 1000,
  "success_rate": 0.997,
  "mean_reward": 1.9416390000000001,
  "std_reward": 0.06131610456478786,
  "mean_length": 9.996,
  "invalid_rate": 0.0,
  "mean_coverage": 0.9996,
  "unique_solutions_found": 13
}