{
  "episodes": 1000,
  "success_rate": 0.944,
  "mean_reward": 1.8773810000000002,
  "std_reward": 0.27813181018898214,
  "mean_length": 9.872,
  "invalid_rate": 0.0,
  "mean_coverage": 0.9872000000000001,
  "unique_solutions_found": 7
}