{
  "episodes": 1000,
  "success_rate": 0.991,
  "mean_reward": 1.93446,
  "std_reward": 0.11078497371033671,
  "mean_length": 9.983,
  "invalid_rate": 0.0,
  "mean_coverage": 0.9983000000000001,
  "unique_solutions_found": 6
}