{
  "episodes": 1000,
  "success_rate": 0.967,
  "mean_reward": 1.9062000000000001,
  "std_reward": 0.21043019270057234,
  "mean_length": 9.936,
  "invalid_rate": 0.0,
  "mean_coverage": 0.9936,
  "unique_solutions_found": 3
}