{
  "episodes": 1000,
  "success_rate": 0.99,
  "mean_reward": 1.933001,
  "std_reward": 0.11979903588510217,
  "mean_length": 9.978,
  "invalid_rate": 0.0,
  "mean_coverage": 0.9977999999999999,
  "unique_solutions_found": 3
}