{
  "episodes": 1000,
  "success_rate": 0.903,
  "mean_reward": 1.830864,
  "std_reward": 0.34911872408107814,
  "mean_length": 9.811,
  "invalid_rate": 0.0,
  "mean_coverage": 0.9811000000000001,
  "unique_solutions_found": 17
}